ride_id_simulated,bucket_key,date,earliest_time,latest_time,suggested_time,suggested_time_iso,terminal,match_times,bags_total,num_riders,riders,voucher,contingency_vouchers,subsidized
1,TO LAX | POMONA,2025-11-26,11:00:00,13:30:00,13:20:00,2025-11-26T13:20:00,,"[01:30:00-19:00:00, 11:00:00-18:30:00, 11:00:00-13:30:00]",5,3,"[""95641f40-3dad-4d69-9df1-68e983fbf39c"", ""35ca6e15-b9a4-46b9-a567-cbf38ecaa898"", ""52307255-3e0a-4702-b9fb-fa2eb3c488ad""]",https://r.uber.com/rrcgymrzrvc,"["""", """", """"]",True
2,TO LAX | POMONA,2025-11-24,19:20:00,19:45:00,19:35:00,2025-11-24T19:35:00,,"[13:20:00-23:20:00, 15:00:00-19:45:00, 15:30:00-20:30:00, 19:20:00-20:40:00]",8,4,"[""f4fa92dc-4837-45bd-8971-70a8e3c39653"", ""c4492e54-a2bc-4645-a464-80b85cac420a"", ""99ee833c-91cd-401e-9db4-dd7dc2adac14"", ""393a27ef-5e86-45cf-951e-23ea2b49a418""]",https://r.uber.com/racurxyiybe,"["""", """", """", """"]",True
3,TO LAX | POMONA,2025-11-25,15:30:00,16:00:00,15:50:00,2025-11-25T15:50:00,7,"[14:00:00-19:00:00, 14:30:00-17:30:00, 14:30:00-16:00:00, 15:30:00-16:45:00]",6,4,"[""3d9992d8-77c2-4885-89c1-755af3222325"", ""75cb4025-606b-4045-9956-438b452b14e8"", ""aac42bfd-8163-4ccf-beb7-a8d44336f967"", ""464515d7-ac14-475a-b814-ac937e0761f1""]",https://r.uber.com/rrrhqhhhvhn,"["""", """", """", """"]",True
4,TO LAX | POMONA,2025-11-25,08:30:00,09:30:00,09:20:00,2025-11-25T09:20:00,1,"[08:00:00-11:00:00, 08:00:00-10:30:00, 08:30:00-09:30:00]",6,3,"[""b1582462-4d2b-4cd1-9180-d22732d8e1ed"", ""a69bfeb5-a814-4b8b-8a1d-65ccaed68dbf"", ""cc4fd033-7662-4635-b2ee-073c55f0f9a9""]",https://r.uber.com/rjpiryjvxeh,"["""", """", """"]",True
5,TO LAX | POMONA,2025-11-25,18:30:00,19:00:00,18:50:00,2025-11-25T18:50:00,,"[14:00:00-22:00:00, 16:15:00-19:00:00, 18:30:00-20:30:00, 18:30:00-20:30:00]",8,4,"[""4bf31f82-b00d-418e-962e-2c59613a6929"", ""9a9675bf-bdf0-4bd2-8d2d-1490073a319f"", ""962dabe1-21f6-4f64-a092-831d44340875"", ""b107b27b-2f98-4c87-b0cd-46eaa836a5d3""]",https://r.uber.com/rxufmvthijn,"["""", """", """", """"]",True
6,TO LAX | POMONA,2025-11-26,03:30:00,04:00:00,03:50:00,2025-11-26T03:50:00,7,"[01:30:00-19:00:00, 02:00:00-04:00:00, 03:30:00-05:20:00]",7,3,"[""45be3429-48b0-46ee-b6a3-fd95becd5ae9"", ""95641f40-3dad-4d69-9df1-68e983fbf39c"", ""5acea463-bbb9-49c6-a3d9-28db0cb7236b""]",https://r.uber.com/RUFKGJTFHFC,"["""", """", """"]",True
7,TO LAX | POMONA,2025-11-22,13:00:00,14:00:00,13:50:00,2025-11-22T13:50:00,,"[12:00:00-14:00:00, 12:00:00-14:00:00, 13:00:00-15:00:00]",5,3,"[""871f3c25-38c6-4a5c-a1cc-db2fabe11ff7"", ""8a17ed2a-f43f-41b1-bfbf-cadd529179f9"", ""43c32c69-1040-4c94-8193-5678e4409d45""]",https://r.uber.com/rzfagnxugqv,"["""", """", """"]",True
8,TO LAX | POMONA,2025-11-25,12:30:00,13:00:00,12:50:00,2025-11-25T12:50:00,,"[09:00:00-13:30:00, 12:15:00-14:30:00, 12:30:00-13:00:00]",6,3,"[""b6f53d09-53c7-4a3e-b521-d23a72431ff8"", ""5369a5fa-da07-499a-86c4-46a8ac56bbca"", ""0052016a-db45-4eb4-8508-255f7b7c76f3""]",https://r.uber.com/rcghjqycgxs,"["""", """", """"]",True
9,TO LAX | POMONA,2025-11-25,15:30:00,16:30:00,16:20:00,2025-11-25T16:20:00,,"[12:30:00-16:50:00, 14:00:00-22:00:00, 15:30:00-17:00:00, 15:30:00-16:30:00]",8,4,"[""96c1a08e-b4ba-4dd5-b4e8-bd165cfb5898"", ""a4fc56df-3c1d-4907-92aa-050526aad0bd"", ""f47d119a-da3a-4986-b604-4749f0afd9d3"", ""4bf31f82-b00d-418e-962e-2c59613a6929""]",https://r.uber.com/RRNNKJXJKNT,"["""", """", """", """"]",True
10,TO LAX | POMONA,2025-11-26,04:00:00,05:15:00,05:05:00,2025-11-26T05:05:00,,"[01:30:00-19:00:00, 03:30:00-05:20:00, 04:00:00-05:15:00, 04:00:00-05:15:00]",9,4,"[""0ef3c28c-a738-456d-9c06-6aa81530b63c"", ""80ff0abe-3e40-4051-a4b6-25f64ea063b0"", ""5acea463-bbb9-49c6-a3d9-28db0cb7236b"", ""95641f40-3dad-4d69-9df1-68e983fbf39c""]",https://r.uber.com/rmgjutaqymd,"["""", """", """", """"]",True
11,TO LAX | POMONA,2025-11-25,13:00:00,13:00:00,13:00:00,2025-11-25T13:00:00,,"[09:00:00-13:30:00, 11:30:00-13:00:00, 12:00:00-14:00:00, 13:00:00-15:00:00]",8,4,"[""71b56160-0e25-42d6-90ff-f1ddeb018dfd"", ""6113d172-cbed-4c23-afcd-f31a9cd1dc92"", ""e665077b-d024-4dd9-9663-1eee6a1ce39f"", ""0052016a-db45-4eb4-8508-255f7b7c76f3""]",https://r.uber.com/RYNEFYEDWWX,"["""", """", """", """"]",True
12,TO LAX | POMONA,2025-11-25,15:00:00,16:00:00,15:50:00,2025-11-25T15:50:00,,"[12:30:00-16:50:00, 14:00:00-22:00:00, 14:45:00-17:00:00, 15:00:00-16:00:00]",7,4,"[""23d20c37-158f-4db6-8eef-f347dc8db5b4"", ""63274ddf-3aee-4e6d-8b99-8764d85a89d1"", ""96c1a08e-b4ba-4dd5-b4e8-bd165cfb5898"", ""4bf31f82-b00d-418e-962e-2c59613a6929""]",https://r.uber.com/RTAJANECSPF,"["""", """", """", """"]",True
13,TO LAX | POMONA,2025-11-25,14:45:00,15:30:00,15:20:00,2025-11-25T15:20:00,,"[12:30:00-16:50:00, 12:45:00-15:30:00, 14:00:00-22:00:00, 14:45:00-15:30:00]",8,4,"[""2e00949d-179b-4736-8779-6a272ed2221d"", ""b66fee86-3790-4166-9510-076c2fdc7fba"", ""96c1a08e-b4ba-4dd5-b4e8-bd165cfb5898"", ""4bf31f82-b00d-418e-962e-2c59613a6929""]",https://r.uber.com/rqphweyrzvw,"["""", """", """", """"]",True
14,TO LAX | POMONA,2025-11-21,12:00:00,13:00:00,12:50:00,2025-11-21T12:50:00,,"[10:30:00-14:00:00, 11:00:00-13:00:00, 12:00:00-13:00:00]",6,3,"[""0b0782a1-b364-4237-aeff-34509e4da0cd"", ""53561627-becb-42b7-87be-60820ff60a26"", ""8a193fc3-89b4-4747-8ec5-2c499b673e32""]",https://r.uber.com/RBBUKLALRTN,"["""", """", """"]",True
15,TO LAX | POMONA,2025-11-25,05:00:00,05:00:00,05:00:00,2025-11-25T05:00:00,,"[03:30:00-05:00:00, 04:45:00-05:15:00, 05:00:00-05:30:00, 05:00:00-05:30:00]",8,4,"[""b077afad-65fb-4459-bbe2-8f94a7e2c5d1"", ""eac26d40-160d-454e-84af-a3d37abd522e"", ""976071ec-8616-44dd-94c7-1a5d55534fe7"", ""3148315b-9ff7-4894-bab4-a3dc3d23b6bd""]",https://r.uber.com/RTNKCVZGLBH,"["""", """", """", """"]",True
16,TO LAX | POMONA,2025-11-24,19:00:00,19:30:00,19:20:00,2025-11-24T19:20:00,,"[13:20:00-23:20:00, 15:00:00-19:45:00, 18:00:00-19:30:00, 19:00:00-20:15:00]",7,4,"[""4e47930a-fce5-4da4-bfc0-8f5fd740b0b6"", ""bd904fcd-f640-4018-b069-ff23fe1f1528"", ""f4fa92dc-4837-45bd-8971-70a8e3c39653"", ""c4492e54-a2bc-4645-a464-80b85cac420a""]",https://r.uber.com/RRAFUCVHNGJ,"["""", """", """", """"]",True
17,TO LAX | POMONA,2025-11-26,04:30:00,05:00:00,04:50:00,2025-11-26T04:50:00,,"[01:30:00-19:00:00, 03:30:00-05:20:00, 04:00:00-06:30:00, 04:30:00-05:00:00]",8,4,"[""e5b14375-788b-463d-8275-85a99cc2b96d"", ""25ee1167-0ce1-4263-be54-e3bdb90a9cde"", ""5acea463-bbb9-49c6-a3d9-28db0cb7236b"", ""95641f40-3dad-4d69-9df1-68e983fbf39c""]",https://r.uber.com/rgqhwhskdtx,"["""", """", """", """"]",True
18,TO LAX | POMONA,2025-11-26,10:00:00,10:30:00,10:20:00,2025-11-26T10:20:00,7,"[01:30:00-19:00:00, 08:30:00-10:30:00, 10:00:00-10:30:00]",5,3,"[""605d8339-feba-4864-9eaa-fd5c9b132eee"", ""bb3f5f17-a8c2-4116-a6b0-a329a556bbd2"", ""95641f40-3dad-4d69-9df1-68e983fbf39c""]",https://r.uber.com/RHQVEXLMZRF,"["""", """", """"]",True
19,TO LAX | POMONA,2025-11-25,08:00:00,08:00:00,08:00:00,2025-11-25T08:00:00,,"[06:00:00-08:00:00, 08:00:00-09:00:00, 08:00:00-11:00:00, 08:00:00-10:30:00]",7,4,"[""b1ded2da-bcaa-469e-bf9f-4007f84cc48d"", ""5929bcda-5d26-4e4f-8881-375c5b76be1b"", ""b1582462-4d2b-4cd1-9180-d22732d8e1ed"", ""a69bfeb5-a814-4b8b-8a1d-65ccaed68dbf""]",https://r.uber.com/rmnspvfvpww,"["""", """", """", """"]",True
20,TO LAX | POMONA,2025-11-22,07:00:00,07:30:00,07:20:00,2025-11-22T07:20:00,,"[03:00:00-07:30:00, 06:00:00-11:30:00, 07:00:00-08:00:00]",6,3,"[""35601a25-7c20-4ba6-8ea6-86ccd39f4207"", ""a1acab0b-3eb3-4a63-b5f7-02c4551f82b3"", ""8e82ae62-8820-4832-8522-7689d8675e22""]",https://r.uber.com/RANKURZBQGJ,"["""", """", """"]",True
21,TO LAX | POMONA,2025-11-25,10:30:00,12:30:00,12:20:00,2025-11-25T12:20:00,,"[07:00:00-19:00:00, 09:00:00-13:30:00, 10:00:00-14:00:00, 10:30:00-12:30:00]",7,4,"[""9536994b-6a3c-4bf9-bbd4-bf167d670ec5"", ""cb9d59f0-5b02-4c95-b131-9449ab67e903"", ""0052016a-db45-4eb4-8508-255f7b7c76f3"", ""fcefc12d-0425-4adf-82e6-ac48d317ed34""]",https://r.uber.com/RMUUPLHGLND,"["""", """", """", """"]",True
22,TO LAX | POMONA,2025-11-26,05:00:00,06:40:00,06:30:00,2025-11-26T06:30:00,,"[01:00:00-06:40:00, 01:30:00-19:00:00, 05:00:00-08:00:00, 05:00:00-07:00:00]",7,4,"[""5a851efd-a010-4584-8664-59269b3b1e70"", ""e259392b-1d9c-4d6c-bb41-cae17fb99176"", ""95641f40-3dad-4d69-9df1-68e983fbf39c"", ""817e3f2e-b16e-46ce-b3f0-c483e7b3c8ad""]",https://r.uber.com/rfqszjebtcz,"["""", """", """", """"]",True
23,TO LAX | POMONA,2025-11-26,07:30:00,08:00:00,07:50:00,2025-11-26T07:50:00,,"[01:30:00-19:00:00, 05:00:00-08:00:00, 07:00:00-08:45:00, 07:30:00-09:00:00]",7,4,"[""5c7aa293-0364-44b0-a2bc-fac05c01d59c"", ""5c1dd911-a0a1-40e8-bbf0-17e1666a2c73"", ""95641f40-3dad-4d69-9df1-68e983fbf39c"", ""e259392b-1d9c-4d6c-bb41-cae17fb99176""]",https://r.uber.com/rgbztrehkrf,"["""", """", """", """"]",True
24,TO LAX | POMONA,2025-11-21,02:30:00,03:00:00,02:50:00,2025-11-21T02:50:00,,"[00:00:00-03:00:00, 02:30:00-03:30:00]",4,2,"[""d03d8f94-4581-41e6-9d27-42981d1d6dd2"", ""ed18ff47-3fd3-4f84-8347-ab237b671fcf""]",,"["""", """"]",False
25,TO LAX | POMONA,2025-11-21,08:00:00,08:30:00,08:20:00,2025-11-21T08:20:00,,"[07:45:00-08:30:00, 08:00:00-09:30:00]",4,2,"[""89ff3e10-0487-4383-b16d-355cf1d1ad89"", ""edff680c-d067-4d6f-866c-5084f9120c66""]",,"["""", """"]",False
26,TO LAX | POMONA,2025-11-25,17:00:00,17:30:00,17:20:00,2025-11-25T17:20:00,,"[14:00:00-22:00:00, 16:15:00-19:00:00, 16:30:00-17:30:00, 17:00:00-18:00:00]",8,4,"[""418c1d73-7499-4334-b635-dbf08abdb2d4"", ""5650b910-77a0-4483-a728-4aa698346859"", ""4bf31f82-b00d-418e-962e-2c59613a6929"", ""b107b27b-2f98-4c87-b0cd-46eaa836a5d3""]",https://r.uber.com/rechkccpcbx,"["""", """", """", """"]",True
27,TO LAX | POMONA,2025-11-24,13:20:00,13:30:00,13:20:00,2025-11-24T13:20:00,,"[10:30:00-13:30:00, 13:00:00-14:30:00, 13:20:00-23:20:00]",5,3,"[""5de16775-5bd8-48c5-9e75-0ced0f8d43fe"", ""66309e24-e958-48f1-95c7-ba231d97b07f"", ""f4fa92dc-4837-45bd-8971-70a8e3c39653""]",https://r.uber.com/RULBLZLBTDQ,"["""", """", """"]",True
28,TO LAX | POMONA,2025-11-26,06:00:00,06:30:00,06:20:00,2025-11-26T06:20:00,,"[01:30:00-19:00:00, 04:00:00-06:30:00, 05:15:00-06:45:00, 06:00:00-06:30:00]",5,4,"[""ce757da9-ef86-4254-89d3-05f0aca01aa4"", ""f72fb1bf-358b-40d5-a530-5ef5d60b7a2a"", ""95641f40-3dad-4d69-9df1-68e983fbf39c"", ""e5b14375-788b-463d-8275-85a99cc2b96d""]",https://r.uber.com/rriqsjykibe,"["""", """", """", """"]",True
29,TO LAX | POMONA,2025-11-20,18:00:00,18:15:00,18:05:00,2025-11-20T18:05:00,,"[17:15:00-18:15:00, 18:00:00-19:00:00]",5,2,"[""9a33ff13-0c5f-4b2a-a40d-eff3769e7446"", ""643bae7d-3436-4ca0-b4a6-be2c533fbb47""]",,"["""", """"]",False
30,TO LAX | POMONA,2025-11-26,16:00:00,16:00:00,16:00:00,2025-11-26T16:00:00,,"[01:30:00-19:00:00, 11:00:00-18:30:00, 14:00:00-16:00:00, 16:00:00-16:40:00]",6,4,"[""375b3e67-7e46-498c-bce0-cceca47407b8"", ""620afc58-4b6e-4cf3-b303-0d98198a3b15"", ""95641f40-3dad-4d69-9df1-68e983fbf39c"", ""35ca6e15-b9a4-46b9-a567-cbf38ecaa898""]",https://r.uber.com/RZFLARLEBLQ,"["""", """", """", """"]",True
31,TO LAX | POMONA,2025-11-24,05:00:00,12:30:00,07:50:00,2025-11-24T07:50:00,,"[05:00:00-08:00:00, 19:30:00-12:30:00]",5,2,"[""3cee6889-2a7c-46be-a563-b6b7f2049856"", ""7204030f-8421-4903-bfc4-73249b49557a""]",,"["""", """"]",False
32,TO LAX | POMONA,2025-11-25,16:00:00,16:30:00,16:20:00,2025-11-25T16:20:00,,"[15:30:00-17:00:00, 15:30:00-17:00:00, 16:00:00-16:30:00]",4,3,"[""39f452d4-fe22-4b9a-ba6a-309156300f1d"", ""37efea8b-18c0-4218-98ad-d8e837407e75"", ""b0de1792-7b62-45f6-9d31-dad853692810""]",https://r.uber.com/RXKWRVXMWRW,"["""", """", """"]",True
33,TO LAX | POMONA,2025-11-24,18:30:00,19:00:00,18:50:00,2025-11-24T18:50:00,,"[17:00:00-19:00:00, 18:30:00-20:30:00]",4,2,"[""cf57750b-a838-4f7b-ae3c-6eae91e111f9"", ""61d24bc8-3719-4ebf-bf81-736b3de12fcc""]",,"["""", """"]",False
34,TO LAX | POMONA,2025-11-21,12:00:00,12:30:00,12:20:00,2025-11-21T12:20:00,,"[11:30:00-12:30:00, 12:00:00-15:30:00]",3,2,"[""98899d86-dd1f-4f90-9826-7df150f9aaf1"", ""7b8d1b51-16e1-4943-9d27-1a663e1ecb69""]",,"["""", """"]",False
35,TO LAX | POMONA,2025-11-22,09:00:00,09:00:00,09:00:00,2025-11-22T09:00:00,,"[06:00:00-09:00:00, 09:00:00-10:00:00]",4,2,"[""f1a61354-e487-4341-b69d-e862e92d6478"", ""de2b1eb9-65d0-454a-9a86-c041fdaa8b6c""]",,"["""", """"]",False
36,TO LAX | POMONA,2025-11-22,15:00:00,15:00:00,15:00:00,2025-11-22T15:00:00,,"[13:00:00-15:00:00, 15:00:00-16:00:00]",4,2,"[""3bbbee81-4a1c-460a-b1a3-6957354fdc37"", ""9c91fcc2-c15e-4fb4-9db6-e5aa03820ca2""]",,"["""", """"]",False
37,TO LAX | POMONA,2025-11-25,07:00:00,07:30:00,07:20:00,2025-11-25T07:20:00,,"[06:00:00-07:30:00, 07:00:00-19:00:00]",3,2,"[""fcefc12d-0425-4adf-82e6-ac48d317ed34"", ""12b2a1a7-fa8c-49d6-a53a-3e821c7c9503""]",https://r.uber.com/RHQQMSRNFVQ,"["""", """"]",True
38,TO LAX | POMONA,2025-11-25,12:00:00,13:45:00,13:35:00,2025-11-25T13:35:00,,"[12:00:00-14:00:00, 12:00:00-13:45:00]",3,2,"[""8ce1ee43-8624-4784-a4d5-b2e174dca244"", ""823d9441-c1b4-4ea2-b27e-a61c7f108fbe""]",,"["""", """"]",False
39,TO LAX | POMONA,2025-11-26,04:30:00,04:30:00,04:30:00,2025-11-26T04:30:00,,"[02:00:00-04:30:00, 04:30:00-05:00:00]",4,2,"[""6973504d-5ec6-48f7-a020-11899c871ce0"", ""b66fee86-3790-4166-9510-076c2fdc7fba""]",,"["""", """"]",False
40,TO LAX | ALL,2025-11-26,04:30:00,05:00:00,04:50:00,2025-11-26T04:50:00,5,"[04:30:00-05:00:00, 04:30:00-05:00:00, 04:30:00-05:00:00, 04:30:00-05:00:00]",4,4,"[""4dcf8777-49f8-49f7-bc5e-4cb6c40df775"", ""dee62926-7a66-41a3-a0fb-ed0210d45d1a"", ""ca36f2a8-7069-41ec-86fb-02356d66104c"", ""269028f7-109c-4b1e-8095-29c67240914a""]",,"["""", """", """", """"]",False
41,TO ONT | POMONA,2025-11-25,14:00:00,15:15:00,15:05:00,2025-11-25T15:05:00,2,"[13:30:00-15:30:00, 14:00:00-19:00:00, 14:00:00-15:15:00]",5,3,"[""4df4b759-88a3-43e6-8693-2f80a29e9d3a"", ""f7281a63-4c5a-4f4e-ad73-293a7e4bedee"", ""c9b37e86-abe3-4cdc-bd5e-8b8dcc7b3448""]",https://r.uber.com/rcpnzpdcrrt,"["""", """", """"]",True
42,TO ONT | POMONA,2025-11-25,14:00:00,15:30:00,15:20:00,2025-11-25T15:20:00,4,"[13:00:00-17:30:00, 13:00:00-16:00:00, 14:00:00-16:00:00, 14:00:00-15:30:00]",8,4,"[""2ede1b8f-d919-4663-8a09-54244149748d"", ""5f4aa400-6a52-4b09-b042-3a0ed59c4ce3"", ""648a290f-3897-4c06-b211-b40c8dd1a862"", ""3afc5e69-fe4b-4a35-8100-4d386fd045d8""]",https://r.uber.com/RCKLLKRHRUF,"["""", """", """", """"]",True
43,TO ONT | POMONA,2025-11-26,10:30:00,12:00:00,11:50:00,2025-11-26T11:50:00,2,"[09:30:00-12:30:00, 09:30:00-12:30:00, 10:30:00-12:00:00]",5,3,"[""d4d58095-f20a-4cd3-8cb1-d21283791e91"", ""74e5f655-6346-490c-9395-4f03790f9e2f"", ""04551656-f80d-49a7-995c-0b06aaf598b6""]",https://r.uber.com/rtxektdsxwm,"["""", """", """"]",True
44,TO ONT | POMONA,2025-11-25,08:00:00,08:00:00,08:00:00,2025-11-25T08:00:00,4,"[07:00:00-09:00:00, 07:15:00-08:00:00, 08:00:00-10:00:00, 08:00:00-11:45:00]",9,4,"[""4fa01429-cf81-49ec-a170-9fd824cd7d3e"", ""a16c35d8-6f7f-4fbe-b447-45ac934df15e"", ""47330a93-b079-4f99-bf12-c45eb33939e2"", ""26de8447-3b97-49b9-87f0-bbafdeca0df8""]",https://r.uber.com/RSHHLRXLHMU,"["""", """", """", """"]",True
45,TO ONT | POMONA,2025-11-26,08:00:00,09:00:00,08:50:00,2025-11-26T08:50:00,4,"[07:00:00-09:00:00, 07:00:00-09:00:00, 08:00:00-09:40:00, 08:00:00-09:30:00]",8,4,"[""197aa1f6-ba23-45c1-b25a-4d511bd29bd8"", ""9000c422-53d1-4c87-ad4f-55c3498e41f9"", ""cc125967-248b-49ee-8b8b-29606e473804"", ""9bb5c0d5-7173-4e90-8dec-7f2331297959""]",https://r.uber.com/rphuujkghms,"["""", """", """", """"]",True
46,TO ONT | POMONA,2025-11-25,18:30:00,18:45:00,18:35:00,2025-11-25T18:35:00,4,"[16:30:00-18:45:00, 17:00:00-19:00:00, 18:00:00-20:00:00, 18:30:00-19:30:00]",7,4,"[""9d566bbd-200d-4d93-a077-00286d72ae9f"", ""4162fce8-a99a-4024-9792-3c2271593c76"", ""f49c2a02-14e2-4946-a3b7-c696dd4e8b43"", ""59429bb5-be43-4d66-84b1-7019dbf693b0""]",https://r.uber.com/RURFEDQPNZM,"["""", """", """", """"]",True
47,TO ONT | POMONA,2025-11-25,13:00:00,13:15:00,13:05:00,2025-11-25T13:05:00,4,"[11:30:00-14:30:00, 11:45:00-13:15:00, 12:45:00-14:15:00, 13:00:00-17:30:00]",7,4,"[""da91c1c8-ca98-49ce-bcd4-87331363b105"", ""cb8feef2-fdb0-4c16-976f-59d3fae9e6cc"", ""306a6d1b-a52d-4d24-81ed-db3002433046"", ""2ede1b8f-d919-4663-8a09-54244149748d""]",https://r.uber.com/rgnwuzcuhzr,"["""", """", """", """"]",True
48,TO ONT | POMONA,2025-11-25,18:00:00,19:20:00,19:10:00,2025-11-25T19:10:00,2,"[11:00:00-23:30:00, 17:41:00-19:20:00, 18:00:00-20:00:00, 18:00:00-19:30:00]",8,4,"[""4da4f036-0328-4615-b418-a55caa2c9aa8"", ""f01afefc-dc19-4690-86a0-b92c06fac4ae"", ""af1b057b-d014-4630-85a2-9cfdd7deb52e"", ""f8ba190c-2710-4947-9f1b-4a33f7ef47a2""]",https://r.uber.com/RUYQLLCAFZK,"["""", """", """", """"]",True
49,TO ONT | POMONA,2025-11-26,13:30:00,15:30:00,15:20:00,2025-11-26T15:20:00,,"[07:00:00-21:00:00, 13:30:00-15:30:00, 13:30:00-15:30:00]",6,3,"[""2155b388-d529-4799-bfde-25dad782e6d0"", ""313925b7-e772-42d4-9532-4e64523b8557"", ""305da69b-2578-4610-9675-83bdea001b79""]",https://r.uber.com/rfjpxqpdedg,"["""", """", """"]",True
50,TO ONT | POMONA,2025-11-21,11:00:00,11:15:00,11:05:00,2025-11-21T11:05:00,,"[09:55:00-11:15:00, 10:00:00-11:50:00, 11:00:00-11:30:00, 11:00:00-12:00:00]",8,4,"[""8a31d16e-e731-4b0a-a1d8-d35f28a04838"", ""abc42f6b-7be2-4444-88d1-f6d1b6eef814"", ""bb66deb2-165f-4937-ae33-a528d9677dc3"", ""dd76f147-cc36-4520-ba89-8ee7e041e5fb""]",https://r.uber.com/RYYWSUYHUNW,"["""", """", """", """"]",True
51,TO ONT | POMONA,2025-11-25,18:30:00,19:31:00,19:21:00,2025-11-25T19:21:00,2,"[11:00:00-23:30:00, 18:00:00-20:00:00, 18:30:00-19:31:00, 18:30:00-20:30:00]",8,4,"[""015245f0-efd7-4be5-bf8b-99970c9192a5"", ""9e28ab70-93b1-434a-b280-b316e106c43a"", ""af1b057b-d014-4630-85a2-9cfdd7deb52e"", ""4da4f036-0328-4615-b418-a55caa2c9aa8""]",https://r.uber.com/RNLMJCGBSNU,"["""", """", """", """"]",True
52,TO ONT | POMONA,2025-11-26,04:00:00,04:00:00,04:00:00,2025-11-26T04:00:00,,"[01:00:00-04:00:00, 03:00:00-04:15:00, 04:00:00-05:00:00]",4,3,"[""7a5fd77b-b5a6-42d6-9e7c-6532b57800be"", ""f1e8e492-c3e3-405d-82d0-61050451eaee"", ""60eb9161-747a-4bc4-a8e8-ff9e854a0843""]",https://r.uber.com/RXZPKJRJTQS,"["""", """", """"]",True
53,TO ONT | POMONA,2025-11-25,16:30:00,17:30:00,17:20:00,2025-11-25T17:20:00,2,"[11:00:00-23:30:00, 16:00:00-17:30:00, 16:30:00-17:30:00, 16:30:00-17:30:00]",9,4,"[""424780cf-9f67-4ecd-b9bc-ed0b6a39dbbd"", ""83e8f9d2-e66b-4676-89c2-3b50f17942d9"", ""af1b057b-d014-4630-85a2-9cfdd7deb52e"", ""a01dab44-e22c-4cf3-b780-7e14dfd2f851""]",https://r.uber.com/REPQTTPTJHD,"["""", """", """", """"]",True
54,TO ONT | POMONA,2025-11-26,04:30:00,05:00:00,04:50:00,2025-11-26T04:50:00,2,"[04:00:00-05:00:00, 04:00:00-05:00:00, 04:30:00-05:30:00]",6,3,"[""831f9551-6016-484e-9fba-29dd2c5f6e40"", ""e29672e1-0c80-4cad-9b06-c013489706c1"", ""8273d8f7-e1b9-49db-8f6e-2eda43261028""]",https://r.uber.com/rxsuuspqxqb,"["""", """", """"]",True
55,TO ONT | POMONA,2025-11-24,16:00:00,16:00:00,16:00:00,2025-11-24T16:00:00,2,"[15:00:00-16:00:00, 15:45:00-16:45:00, 16:00:00-17:00:00]",6,3,"[""648c55b0-38a2-42f5-82b4-ec4cd6c93f72"", ""7690d61c-511e-4fd7-9266-f9ade1b9087a"", ""44159776-a5e4-4323-b423-e0697ca1c668""]",https://r.uber.com/RLGKWNKVZMK,"["""", """", """"]",True
56,TO ONT | POMONA,2025-11-24,17:00:00,18:00:00,17:50:00,2025-11-24T17:50:00,,"[17:00:00-18:30:00, 17:00:00-18:30:00, 17:00:00-18:00:00]",6,3,"[""af196557-eef3-4fac-8c05-72a1a0fef6b0"", ""74850914-3934-43b2-898d-7b2429e24a9e"", ""79c0ab36-7e87-4acb-b4cf-ae51acb894e2""]",https://r.uber.com/RTUEHUARNFU,"["""", """", """"]",True
57,TO ONT | POMONA,2025-11-25,14:00:00,15:00:00,14:50:00,2025-11-25T14:50:00,4,"[13:00:00-17:30:00, 13:00:00-16:00:00, 13:30:00-15:00:00, 14:00:00-15:30:00]",7,4,"[""231f8af3-258c-4e42-83f6-c77d120b2ef6"", ""8692f95d-e8d3-4b0e-a727-f6cfff739db1"", ""2ede1b8f-d919-4663-8a09-54244149748d"", ""5f4aa400-6a52-4b09-b042-3a0ed59c4ce3""]",https://r.uber.com/rizadtwchyv,"["""", """", """", """"]",True
58,TO ONT | POMONA,2025-11-26,12:00:00,12:30:00,12:20:00,2025-11-26T12:20:00,,"[09:30:00-12:30:00, 11:00:00-13:00:00, 12:00:00-13:00:00]",5,3,"[""d5123871-e2f0-4e8c-bf56-611d92485803"", ""02a539c1-d5c1-4956-8c67-a3f971477f98"", ""d4d58095-f20a-4cd3-8cb1-d21283791e91""]",https://r.uber.com/RJNQFQBUNQA,"["""", """", """"]",True
59,TO ONT | POMONA,2025-11-25,18:30:00,19:30:00,19:20:00,2025-11-25T19:20:00,4,"[18:00:00-20:00:00, 18:30:00-19:30:00, 18:30:00-19:30:00, 18:30:00-19:30:00]",6,4,"[""d426e566-33d6-4852-9bbb-a7f95562ab22"", ""58cb4710-4315-4523-9f05-ab050d5e9e6e"", ""f49c2a02-14e2-4946-a3b7-c696dd4e8b43"", ""59429bb5-be43-4d66-84b1-7019dbf693b0""]",https://r.uber.com/RVDYDTTCXGW,"["""", """", """", """"]",True
60,TO ONT | POMONA,2025-11-25,10:00:00,10:00:00,10:00:00,2025-11-25T10:00:00,4,"[08:00:00-11:45:00, 08:00:00-10:00:00, 09:45:00-10:45:00, 10:00:00-10:50:00]",9,4,"[""e7bee6d1-d0b9-4f30-8991-894fefa8a9d4"", ""96765288-7617-424e-b0d6-52e66535d96a"", ""a16c35d8-6f7f-4fbe-b447-45ac934df15e"", ""4fa01429-cf81-49ec-a170-9fd824cd7d3e""]",https://r.uber.com/RLNNNPCCQYN,"["""", """", """", """"]",True
61,TO ONT | POMONA,2025-11-25,19:30:00,20:15:00,20:05:00,2025-11-25T20:05:00,2,"[11:00:00-23:30:00, 18:30:00-20:30:00, 19:15:00-20:15:00, 19:30:00-20:30:00]",8,4,"[""da89a651-494e-4d3c-9cf6-2d6c6591e494"", ""b5222c00-d0b4-4c06-bf71-6703434f8eea"", ""af1b057b-d014-4630-85a2-9cfdd7deb52e"", ""9e28ab70-93b1-434a-b280-b316e106c43a""]",https://r.uber.com/RZPVUCWWKUJ,"["""", """", """", """"]",True
62,TO ONT | POMONA,2025-11-22,10:00:00,10:40:00,10:30:00,2025-11-22T10:30:00,4,"[09:30:00-10:40:00, 10:00:00-12:30:00]",5,2,"[""76d957dc-3e68-4127-813f-b822ffd42dea"", ""1347bab4-e147-459b-93cc-bf5eda2c6075""]",https://r.uber.com/rrskdsvrmvh,"["""", """"]",True
63,TO ONT | POMONA,2025-11-21,18:00:00,00:15:00,18:00:00,2025-11-21T18:00:00,,"[11:00:00-00:15:00, 17:00:00-18:00:00, 17:45:00-18:40:00, 18:00:00-20:00:00]",7,4,"[""da049d7c-d826-4255-9970-242ced22358c"", ""36331532-d775-4db6-928c-9fad70f6905c"", ""904a397a-803b-40c4-a827-cdcea8f257bd"", ""9e53145a-cac7-4752-999a-e3bc2bbebf41""]",https://r.uber.com/rugpfqpsnnu,"["""", """", """", """"]",True
64,TO ONT | POMONA,2025-11-21,17:00:00,00:15:00,17:25:00,2025-11-21T17:25:00,,"[11:00:00-00:15:00, 16:00:00-18:00:00, 17:00:00-17:35:00, 17:00:00-18:00:00]",8,4,"[""849daf52-e850-411f-9647-5eaf0dd5fa54"", ""3a651b79-e076-4397-91be-0dbdd61d2e69"", ""9e53145a-cac7-4752-999a-e3bc2bbebf41"", ""904a397a-803b-40c4-a827-cdcea8f257bd""]",https://r.uber.com/RWNGMGQJFMW,"["""", """", """", """"]",True
65,TO ONT | POMONA,2025-11-25,16:40:00,17:10:00,17:00:00,2025-11-25T17:00:00,4,"[13:00:00-17:30:00, 16:00:00-17:30:00, 16:30:00-18:45:00, 16:40:00-17:10:00]",8,4,"[""2d5f4204-b8cf-41fd-926e-b32fa404117d"", ""bbe4e957-01ed-4ec5-b771-6fc16d4001eb"", ""2ede1b8f-d919-4663-8a09-54244149748d"", ""9d566bbd-200d-4d93-a077-00286d72ae9f""]",https://r.uber.com/rxskejeeyif,"["""", """", """", """"]",True
66,TO ONT | POMONA,2025-11-25,20:45:00,21:15:00,21:05:00,2025-11-25T21:05:00,,"[11:00:00-23:30:00, 20:00:00-21:15:00, 20:30:00-21:30:00, 20:45:00-21:15:00]",8,4,"[""6a7f97fc-eb8b-43ac-a7e4-358c75d68cea"", ""2b5c9d65-cfae-464f-873b-d8295657d733"", ""af1b057b-d014-4630-85a2-9cfdd7deb52e"", ""1233845c-6a4a-42af-832f-c8e65904bb95""]",https://r.uber.com/rakwsfqwikc,"["""", """", """", """"]",True
67,TO ONT | POMONA,2025-11-25,12:00:00,12:20:00,12:10:00,2025-11-25T12:10:00,2,"[11:00:00-23:30:00, 11:30:00-12:30:00, 12:00:00-12:35:00, 12:00:00-12:20:00]",8,4,"[""5bda29b2-8556-489a-8f47-cc25ae3c20d8"", ""e62bd949-f64a-4ef8-a2e9-0e55a43824b3"", ""af1b057b-d014-4630-85a2-9cfdd7deb52e"", ""e7632bde-e222-4940-b97f-56e5aaa75ef1""]",https://r.uber.com/RELJRFRPXTL,"["""", """", """", """"]",True
68,TO ONT | POMONA,2025-11-26,05:40:00,05:30:00,05:30:00,2025-11-26T05:30:00,2,"[04:30:00-05:30:00, 05:30:00-06:10:00, 05:40:00-06:40:00]",5,3,"[""b7374d38-3970-4630-98a9-ec58dc759cce"", ""446c0753-4b36-443d-9707-2daabdc0a35b"", ""8273d8f7-e1b9-49db-8f6e-2eda43261028""]",https://r.uber.com/RXEPCAETTBH,"["""", """", """"]",True
69,TO ONT | POMONA,2025-11-26,08:00:00,08:30:00,08:20:00,2025-11-26T08:20:00,4,"[07:00:00-09:00:00, 07:00:00-09:00:00, 08:00:00-08:30:00, 08:00:00-09:30:00]",7,4,"[""4124e791-8a0c-4310-99cb-ee85f61e9772"", ""bda41712-3147-4196-91f4-a605d967b20c"", ""197aa1f6-ba23-45c1-b25a-4d511bd29bd8"", ""9000c422-53d1-4c87-ad4f-55c3498e41f9""]",https://r.uber.com/RKWTGVSRDXG,"["""", """", """", """"]",True
70,TO ONT | POMONA,2025-11-25,16:05:00,16:30:00,16:20:00,2025-11-25T16:20:00,2,"[11:00:00-23:30:00, 16:00:00-16:30:00, 16:00:00-17:30:00, 16:05:00-16:45:00]",8,4,"[""3bd78170-4ecd-4ba0-8c15-8702997a4755"", ""dfeef6e3-db6f-492d-91d6-8ee5cb7c4f25"", ""af1b057b-d014-4630-85a2-9cfdd7deb52e"", ""424780cf-9f67-4ecd-b9bc-ed0b6a39dbbd""]",https://r.uber.com/RRFRRSQMURH,"["""", """", """", """"]",True
71,TO ONT | POMONA,2025-11-25,15:00:00,15:15:00,15:05:00,2025-11-25T15:05:00,2,"[11:00:00-23:30:00, 13:30:00-15:30:00, 14:45:00-15:45:00, 15:00:00-15:15:00]",9,4,"[""3c3b8124-f9b4-4f1e-8233-6ed697c79c7a"", ""edd294f6-875b-4669-be0f-e2b75893e54e"", ""af1b057b-d014-4630-85a2-9cfdd7deb52e"", ""f7281a63-4c5a-4f4e-ad73-293a7e4bedee""]",https://r.uber.com/rnkhdzfuyie,"["""", """", """", """"]",True
72,TO ONT | POMONA,2025-11-26,05:00:00,05:00:00,05:00:00,2025-11-26T05:00:00,4,"[04:00:00-05:00:00, 04:30:00-05:15:00, 05:00:00-05:15:00, 05:00:00-05:15:00]",6,4,"[""1ed77f51-b896-4a58-963c-6596daf565d1"", ""cc0ac8cf-1c28-4851-a41b-8540d128e7db"", ""7ded23a6-51de-4d1a-8f08-d86b81afe824"", ""f1e8e492-c3e3-405d-82d0-61050451eaee""]",https://r.uber.com/rngsznsmhiu,"["""", """", """", """"]",True
73,TO ONT | POMONA,2025-11-26,12:00:00,12:15:00,12:05:00,2025-11-26T12:05:00,2,"[07:00:00-21:00:00, 09:30:00-12:30:00, 11:00:00-12:15:00, 12:00:00-12:30:00]",7,4,"[""2db1dd04-edd1-427e-8d79-20dc8b0b67bd"", ""2758e5b9-3d8c-4a2f-b927-7ef28494c5d2"", ""313925b7-e772-42d4-9532-4e64523b8557"", ""d4d58095-f20a-4cd3-8cb1-d21283791e91""]",https://r.uber.com/rdsnbeytvei,"["""", """", """", """"]",True
74,TO ONT | POMONA,2025-11-25,18:15:00,18:30:00,18:20:00,2025-11-25T18:20:00,2,"[11:00:00-23:30:00, 17:30:00-18:30:00, 17:41:00-19:20:00, 18:15:00-19:15:00]",7,4,"[""9a5e4972-68ab-4314-ba77-6ab610b864ea"", ""4c0a8819-6fa9-434a-8f65-1e5435a2af6c"", ""af1b057b-d014-4630-85a2-9cfdd7deb52e"", ""f8ba190c-2710-4947-9f1b-4a33f7ef47a2""]",https://r.uber.com/rnknrbbyjri,"["""", """", """", """"]",True
75,TO ONT | POMONA,2025-11-21,05:00:00,05:00:00,05:00:00,2025-11-21T05:00:00,,"[04:15:00-05:00:00, 04:50:00-05:00:00, 05:00:00-06:00:00]",6,3,"[""9451781d-60cb-445d-b287-35fe2913ce06"", ""b23cf609-c97b-4b97-955a-a498f6e5897e"", ""345d97c4-658b-4425-9fde-7e05ccb547ba""]",https://r.uber.com/rmfajtmqhge,"["""", """", """"]",True
76,TO ONT | POMONA,2025-11-23,09:00:00,09:00:00,09:00:00,2025-11-23T09:00:00,4,"[08:00:00-09:00:00, 09:00:00-16:30:00]",4,2,"[""e7f9e30c-c8b1-4ecb-b940-e440fea52c89"", ""3eb737f5-ff35-4a36-8c2a-c062dfc219ba""]",https://r.uber.com/rcgrtechejr,"["""", """"]",True
77,TO ONT | POMONA,2025-11-25,03:45:00,03:45:00,03:45:00,2025-11-25T03:45:00,2,"[03:00:00-03:45:00, 03:45:00-04:45:00]",4,2,"[""1b04c48b-e757-41a1-9088-f1d815582431"", ""60e1b958-d3da-438f-96dc-0b8ceb3a34a0""]",https://r.uber.com/rrmeknynsyy,"["""", """"]",True
78,TO ONT | POMONA,2025-11-25,11:00:00,10:50:00,10:50:00,2025-11-25T10:50:00,4,"[08:00:00-11:45:00, 10:00:00-10:50:00, 10:45:00-11:00:00, 11:00:00-11:30:00]",9,4,"[""0a6f44dc-cafd-4a71-b430-558ee5dbe99b"", ""a16c420e-3e71-4fe0-b755-16e7bb8ebd9a"", ""a16c35d8-6f7f-4fbe-b447-45ac934df15e"", ""96765288-7617-424e-b0d6-52e66535d96a""]",https://r.uber.com/RVHAGVANKXS,"["""", """", """", """"]",True
79,TO ONT | POMONA,2025-11-25,11:15:00,11:10:00,11:10:00,2025-11-25T11:10:00,,"[08:00:00-11:10:00, 08:00:00-11:45:00, 11:00:00-23:30:00, 11:15:00-11:45:00]",9,4,"[""303069bb-2a34-49e0-b325-ecf8744fe90c"", ""ba9756a8-8d51-495a-9490-1e3747fe5933"", ""af1b057b-d014-4630-85a2-9cfdd7deb52e"", ""a16c35d8-6f7f-4fbe-b447-45ac934df15e""]",https://r.uber.com/RGHTTVHDTPT,"["""", """", """", """"]",True
80,TO ONT | POMONA,2025-11-21,13:15:00,00:15:00,14:20:00,2025-11-21T14:20:00,,"[11:00:00-00:15:00, 12:00:00-14:30:00, 13:15:00-14:30:00]",6,3,"[""afcd0395-6032-4812-8bbf-8f6de8e68970"", ""8f8ff7bd-c341-49e6-90f4-b161b7874e30"", ""9e53145a-cac7-4752-999a-e3bc2bbebf41""]",https://r.uber.com/RSXJGHCJGYD,"["""", """", """"]",True
81,TO ONT | POMONA,2025-11-26,09:00:00,09:40:00,09:30:00,2025-11-26T09:30:00,,"[07:00:00-21:00:00, 08:00:00-11:00:00, 08:00:00-09:40:00, 09:00:00-09:45:00]",7,4,"[""2a5a0498-d485-4023-9f69-6e5e41145a7d"", ""7e680c0b-2543-4299-af37-f717d89359f4"", ""313925b7-e772-42d4-9532-4e64523b8557"", ""cc125967-248b-49ee-8b8b-29606e473804""]",https://r.uber.com/RTXSQMWLUZK,"["""", """", """", """"]",True
82,TO ONT | POMONA,2025-11-22,05:00:00,05:40:00,05:30:00,2025-11-22T05:30:00,,"[04:45:00-05:45:00, 05:00:00-05:40:00]",4,2,"[""84406585-7549-4ebf-964f-09f20a768dbc"", ""9a9deae5-457c-4db8-afca-0dc9fca690dd""]",https://r.uber.com/RELVDRQCHAC,"["""", """"]",True
83,TO ONT | POMONA,2025-11-25,16:15:00,16:45:00,16:35:00,2025-11-25T16:35:00,,"[11:00:00-23:30:00, 13:00:00-17:30:00, 16:00:00-17:00:00, 16:15:00-16:45:00]",9,4,"[""cf0ff333-be24-4797-801e-d3073d85fecf"", ""2a108cef-8cae-479d-adb4-9e3358869fa1"", ""af1b057b-d014-4630-85a2-9cfdd7deb52e"", ""2ede1b8f-d919-4663-8a09-54244149748d""]",https://r.uber.com/rketvqdvysb,"["""", """", """", """"]",True
84,TO ONT | POMONA,2025-11-25,16:30:00,17:00:00,16:50:00,2025-11-25T16:50:00,2,"[16:30:00-17:00:00, 16:30:00-17:45:00]",2,2,"[""c591297a-8987-410f-a7a5-a4a4fa600ef5"", ""16ab2228-4857-4de0-8509-b63b67307d49""]",https://r.uber.com/rmvwgmbtprk,"["""", """"]",True
85,TO ONT | POMONA,2025-11-25,14:30:00,14:30:00,14:30:00,2025-11-25T14:30:00,,"[12:30:00-14:30:00, 13:00:00-15:45:00, 14:30:00-15:30:00]",7,3,"[""93e26c7c-83f3-4b76-a7c7-4cc927ead78b"", ""c5d09991-d1fe-4145-aecd-20e606437dfc"", ""5ad1cb9e-9b05-4a63-b31a-4c605b26f09b""]",https://r.uber.com/RCJFPBFEKWC,"["""", """", """"]",True
86,TO ONT | POMONA,2025-11-25,18:30:00,19:15:00,19:05:00,2025-11-25T19:05:00,,"[18:15:00-19:15:00, 18:30:00-19:30:00]",2,2,"[""8f2a66c6-550a-4457-a7df-5b2ee65916f9"", ""ac0de285-56e7-493f-81c3-b35d3ce7e38f""]",https://r.uber.com/RGZEDZSDYBS,"["""", """"]",True
87,TO ONT | POMONA,2025-11-24,16:00:00,16:15:00,16:05:00,2025-11-24T16:05:00,2,"[15:00:00-16:30:00, 16:00:00-16:15:00]",3,2,"[""1983e4fb-d03e-4331-ad71-32001bea02c6"", ""87e3c95f-35cc-4015-8a95-0916173f21a9""]",https://r.uber.com/RRSEHGHSEHK,"["""", """"]",True
88,TO ONT | POMONA,2025-11-24,18:00:00,18:00:00,18:00:00,2025-11-24T18:00:00,,"[15:30:00-18:00:00, 18:00:00-20:30:00]",3,2,"[""18751488-6c9e-4cf9-a145-f54466d2a411"", ""9790d8bd-6b22-4cc9-935c-1be4bef70131""]",https://r.uber.com/RMRLCDVHQUG,"["""", """"]",True
89,TO ONT | POMONA,2025-11-25,12:10:00,12:25:00,12:15:00,2025-11-25T12:15:00,,"[11:00:00-23:30:00, 12:10:00-12:25:00]",5,2,"[""af1b057b-d014-4630-85a2-9cfdd7deb52e"", ""44264d23-5dff-4b88-8063-497a626c719c""]",https://r.uber.com/rhdyxyuanji,"["""", """"]",True
90,TO ONT | POMONA,2025-11-26,03:30:00,04:00:00,03:50:00,2025-11-26T03:50:00,,"[03:00:00-04:00:00, 03:30:00-04:30:00]",5,2,"[""faa31f4d-6bc5-4709-9dd5-42507a941960"", ""1b8d458a-2950-4284-a0f4-e47dd934ef2d""]",https://r.uber.com/RFRCKFRRGDS,"["""", """"]",True
91,TO ONT | POMONA,2025-11-26,05:00:00,05:00:00,05:00:00,2025-11-26T05:00:00,,"[04:00:00-05:00:00, 05:00:00-05:15:00]",4,2,"[""98fca0a9-db6a-430f-8928-7f5ffb7cacee"", ""eee255ef-3282-4b7d-9f21-fe461b77ebcf""]",https://r.uber.com/rujkqsjcquy,"["""", """"]",True
92,TO ONT | POMONA,2025-11-26,07:15:00,08:30:00,08:20:00,2025-11-26T08:20:00,2,"[07:00:00-21:00:00, 07:15:00-08:30:00]",3,2,"[""313925b7-e772-42d4-9532-4e64523b8557"", ""a83ae98a-dd15-4095-a0a4-7d5c6153520a""]",https://r.uber.com/rfmcpgrannf,"["""", """"]",True
93,TO ONT | POMONA,2025-11-26,14:30:00,14:45:00,14:35:00,2025-11-26T14:35:00,,"[13:04:00-14:45:00, 14:30:00-15:00:00]",5,2,"[""62003b17-e7e5-4922-9565-8e35185e1c43"", ""2a6a6c07-3270-4b33-83f2-122d22ceff86""]",https://r.uber.com/RSBKUDBMLTC,"["""", """"]",True
94,TO ONT | POMONA,2025-11-26,16:00:00,18:00:00,17:50:00,2025-11-26T17:50:00,,"[07:00:00-21:00:00, 16:00:00-18:00:00]",4,2,"[""313925b7-e772-42d4-9532-4e64523b8557"", ""dc117380-db8a-4ff1-aaa2-ab4473f514e6""]",https://r.uber.com/RMVSYTRTLEU,"["""", """"]",True
95,FROM LAX | POMONA,2025-11-30,10:45:00,12:00:00,10:55:00,2025-11-30T10:55:00,,"[09:45:00-12:30:00, 10:00:00-12:00:00, 10:45:00-12:00:00]",6,3,"[""7204030f-8421-4903-bfc4-73249b49557a"", ""61d24bc8-3719-4ebf-bf81-736b3de12fcc"", ""b0de1792-7b62-45f6-9d31-dad853692810""]",,"[""https://r.uber.com/rxtanynmvyq"", ""https://r.uber.com/RXAFKUWLLZZ"", ""https://r.uber.com/ryipzrvfhba""]",True
96,FROM LAX | POMONA,2025-11-29,14:30:00,00:30:00,14:40:00,2025-11-29T14:40:00,,"[11:30:00-00:30:00, 13:30:00-15:00:00, 14:30:00-16:30:00]",7,3,"[""b107b27b-2f98-4c87-b0cd-46eaa836a5d3"", ""51a20a05-ad5a-4b51-91a9-3cca1bb53d88"", ""9c91fcc2-c15e-4fb4-9db6-e5aa03820ca2""]",,"[""https://r.uber.com/rxqmsixgexx"", ""https://r.uber.com/RWGDGPZTGGA"", ""https://r.uber.com/RHVJLNLFKGQ""]",True
97,FROM LAX | POMONA,2025-12-01,10:25:00,11:30:00,10:35:00,2025-12-01T10:35:00,,"[09:00:00-12:00:00, 09:30:00-11:30:00, 10:25:00-14:30:00]",3,3,"[""63274ddf-3aee-4e6d-8b99-8764d85a89d1"", ""5a851efd-a010-4584-8664-59269b3b1e70"", ""305a5af9-5e87-450b-a085-ac5eb86d831b""]",,"[""https://r.uber.com/rrhggmhkmsx"", ""https://r.uber.com/raruqktnwbh"", ""https://r.uber.com/RRATKVGDUCY""]",True
98,FROM LAX | POMONA,2025-11-30,07:40:00,09:00:00,07:50:00,2025-11-30T07:50:00,6,"[07:30:00-09:00:00, 07:30:00-09:00:00, 07:40:00-20:00:00]",6,3,"[""80ff0abe-3e40-4051-a4b6-25f64ea063b0"", ""0ef3c28c-a738-456d-9c06-6aa81530b63c"", ""620afc58-4b6e-4cf3-b303-0d98198a3b15""]",,"[""https://r.uber.com/rsdmkvebdej"", ""https://r.uber.com/RFLQYQMDBMK"", ""https://r.uber.com/RPTAUFCZZAV""]",True
99,FROM LAX | POMONA,2025-11-29,20:15:00,00:30:00,20:25:00,2025-11-29T20:25:00,,"[11:30:00-00:30:00, 11:30:00-00:30:00, 19:52:00-21:30:00, 20:15:00-22:00:00]",8,4,"[""bd904fcd-f640-4018-b069-ff23fe1f1528"", ""f6c758b6-5989-4bed-9fd6-c60d2bf4b64b"", ""9c91fcc2-c15e-4fb4-9db6-e5aa03820ca2"", ""5c1b030a-46e8-4f19-b657-a5c204c1817f""]",,"[""https://r.uber.com/rrahzgfybej"", ""https://r.uber.com/RSNPMBKVZRT"", ""https://r.uber.com/RHVJLNLFKGQ"", ""https://r.uber.com/rcrpqrmbqrs""]",True
100,FROM LAX | POMONA,2025-11-30,16:00:00,16:30:00,16:10:00,2025-11-30T16:10:00,,"[15:00:00-16:30:00, 15:30:00-17:00:00, 16:00:00-17:30:00]",6,3,"[""b1ded2da-bcaa-469e-bf9f-4007f84cc48d"", ""53561627-becb-42b7-87be-60820ff60a26"", ""5acea463-bbb9-49c6-a3d9-28db0cb7236b""]",,"[""https://r.uber.com/rabisnhcuwx"", ""https://r.uber.com/RQQFLTRXXZQ"", ""https://r.uber.com/rbjqefqpvvw""]",True
101,FROM LAX | POMONA,2025-11-30,02:00:00,02:00:00,02:00:00,2025-11-30T02:00:00,,"[01:00:00-02:15:00, 01:15:00-02:00:00, 02:00:00-05:00:00]",5,3,"[""8e82ae62-8820-4832-8522-7689d8675e22"", ""3d9992d8-77c2-4885-89c1-755af3222325"", ""edff680c-d067-4d6f-866c-5084f9120c66""]",,"[""https://r.uber.com/RJBTSEVNQUG"", ""https://r.uber.com/rpmrpqtdtbc"", ""https://r.uber.com/rufwkdedhra""]",True
102,FROM LAX | POMONA,2025-11-30,12:45:00,13:30:00,12:55:00,2025-11-30T12:55:00,,"[11:45:00-13:30:00, 11:50:00-13:30:00, 12:45:00-14:00:00]",5,3,"[""abc42f6b-7be2-4444-88d1-f6d1b6eef814"", ""f72fb1bf-358b-40d5-a530-5ef5d60b7a2a"", ""490eeaf6-7172-477f-8275-4203bc36cf39""]",,"[""https://r.uber.com/rsizcejxrvp"", ""https://r.uber.com/RSUXFQMDPLR"", ""https://r.uber.com/rbuiwfizifr""]",True
103,FROM LAX | POMONA,2025-11-30,12:30:00,13:00:00,12:40:00,2025-11-30T12:40:00,,"[07:40:00-20:00:00, 11:45:00-13:30:00, 12:20:00-13:00:00, 12:30:00-13:00:00]",8,4,"[""bb3f5f17-a8c2-4116-a6b0-a329a556bbd2"", ""b6f53d09-53c7-4a3e-b521-d23a72431ff8"", ""620afc58-4b6e-4cf3-b303-0d98198a3b15"", ""490eeaf6-7172-477f-8275-4203bc36cf39""]",,"[""https://r.uber.com/rdwbcuxpbck"", ""https://r.uber.com/RHQNMZRCXZM"", ""https://r.uber.com/RPTAUFCZZAV"", ""https://r.uber.com/rbuiwfizifr""]",True
104,FROM LAX | POMONA,2025-11-30,20:45:00,21:15:00,20:55:00,2025-11-30T20:55:00,,"[20:00:00-21:30:00, 20:40:00-21:30:00, 20:45:00-21:15:00]",6,3,"[""aac42bfd-8163-4ccf-beb7-a8d44336f967"", ""5650b910-77a0-4483-a728-4aa698346859"", ""8331cdcd-ee9a-4401-8403-caf05f3f0cdd""]",,"[""https://r.uber.com/RLYZFKYEEWG"", ""https://r.uber.com/rxqfvnfttuz"", ""https://r.uber.com/rueyxavbkhq""]",True
105,FROM LAX | POMONA,2025-12-01,09:00:00,09:00:00,09:00:00,2025-12-01T09:00:00,,"[07:00:00-10:00:00, 07:45:00-09:00:00, 08:30:00-09:30:00, 09:00:00-12:00:00]",8,4,"[""f1a61354-e487-4341-b69d-e862e92d6478"", ""418c1d73-7499-4334-b635-dbf08abdb2d4"", ""262ee232-00c5-4c18-ae1d-c24edcee9070"", ""63274ddf-3aee-4e6d-8b99-8764d85a89d1""]",,"[""https://r.uber.com/RJWRRZSQLTW"", ""https://r.uber.com/RLDGXUKUEJN"", ""https://r.uber.com/rwtgnvvibyq"", ""https://r.uber.com/rrhggmhkmsx""]",True
106,FROM LAX | POMONA,2025-11-29,20:00:00,00:30:00,20:10:00,2025-11-29T20:10:00,,"[11:30:00-00:30:00, 11:30:00-00:30:00, 18:50:00-21:00:00, 20:00:00-21:00:00]",10,4,"[""cb9d59f0-5b02-4c95-b131-9449ab67e903"", ""de2b1eb9-65d0-454a-9a86-c041fdaa8b6c"", ""9c91fcc2-c15e-4fb4-9db6-e5aa03820ca2"", ""5c1b030a-46e8-4f19-b657-a5c204c1817f""]",,"[""https://r.uber.com/RUUFELGUGUM"", ""https://r.uber.com/rkfpsfqnsrt"", ""https://r.uber.com/RHVJLNLFKGQ"", ""https://r.uber.com/rcrpqrmbqrs""]",True
107,FROM LAX | POMONA,2025-11-29,22:10:00,00:30:00,22:20:00,2025-11-29T22:20:00,,"[11:30:00-00:30:00, 11:30:00-00:30:00, 21:30:00-23:00:00, 22:10:00-23:00:00]",10,4,"[""1b0ab13c-225e-4a72-a4ec-e8b5e1261b44"", ""4a6f4251-e183-4989-9675-6a42442433c0"", ""9c91fcc2-c15e-4fb4-9db6-e5aa03820ca2"", ""5c1b030a-46e8-4f19-b657-a5c204c1817f""]",,"[""https://r.uber.com/RWKNWFVZTMM"", ""https://r.uber.com/RBBQJWCCZLA"", ""https://r.uber.com/RHVJLNLFKGQ"", ""https://r.uber.com/rcrpqrmbqrs""]",True
108,FROM LAX | POMONA,2025-12-01,21:15:00,22:00:00,21:25:00,2025-12-01T21:25:00,,"[21:00:00-22:30:00, 21:15:00-22:00:00]",4,2,"[""cf57750b-a838-4f7b-ae3c-6eae91e111f9"", ""96fc8ab3-24c3-45e0-ab0c-40c1404f21d5""]",,"[""https://r.uber.com/rwmarrcywhu"", ""https://r.uber.com/RSEPGEGTNQU""]",False
109,FROM LAX | POMONA,2025-11-29,11:30:00,00:30:00,11:40:00,2025-11-29T11:40:00,,"[09:00:00-12:00:00, 11:30:00-13:00:00, 11:30:00-00:30:00, 11:30:00-00:30:00]",9,4,"[""d03d8f94-4581-41e6-9d27-42981d1d6dd2"", ""ce757da9-ef86-4254-89d3-05f0aca01aa4"", ""9c91fcc2-c15e-4fb4-9db6-e5aa03820ca2"", ""5c1b030a-46e8-4f19-b657-a5c204c1817f""]",,"[""https://r.uber.com/RRVLUPLSDBU"", ""https://r.uber.com/RNCYFHBBYEY"", ""https://r.uber.com/RHVJLNLFKGQ"", ""https://r.uber.com/rcrpqrmbqrs""]",True
110,FROM LAX | POMONA,2025-11-30,18:30:00,19:00:00,18:40:00,2025-11-30T18:40:00,,"[07:40:00-20:00:00, 17:50:00-19:00:00, 18:30:00-20:00:00]",5,3,"[""5c1dd911-a0a1-40e8-bbf0-17e1666a2c73"", ""375b3e67-7e46-498c-bce0-cceca47407b8"", ""620afc58-4b6e-4cf3-b303-0d98198a3b15""]",,"[""https://r.uber.com/RSJBXPJABST"", ""https://r.uber.com/rziwqdgeekx"", ""https://r.uber.com/RPTAUFCZZAV""]",True
111,FROM LAX | POMONA,2025-11-28,21:00:00,21:30:00,21:10:00,2025-11-28T21:10:00,,"[20:00:00-22:00:00, 21:00:00-21:30:00]",2,2,"[""605d8339-feba-4864-9eaa-fd5c9b132eee"", ""25ee1167-0ce1-4263-be54-e3bdb90a9cde""]",,"[""https://r.uber.com/RRRNDTPVFFB"", ""https://r.uber.com/RQTMWZZTJWR""]",False
112,FROM LAX | POMONA,2025-11-24,23:00:00,01:00:00,23:10:00,2025-11-24T23:10:00,2,"[23:00:00-01:00:00, 23:00:00-01:00:00]",2,2,"[""04a2bbcc-4bf9-4433-b430-a298d03cda13"", ""ecd54ebb-a109-4be9-88bc-e9126d6b3b5b""]",,"[""https://r.uber.com/RUQLGYNZEJZ"", ""https://r.uber.com/RNGSBDTNFCT""]",False
113,FROM LAX | POMONA,2025-12-01,23:59:00,00:30:00,00:09:00,2025-12-02T00:09:00,,"[23:00:00-05:00:00, 23:30:00-01:00:00, 23:59:00-00:30:00, 23:59:00-00:30:00]",7,4,"[""eac26d40-160d-454e-84af-a3d37abd522e"", ""b077afad-65fb-4459-bbe2-8f94a7e2c5d1"", ""4e47930a-fce5-4da4-bfc0-8f5fd740b0b6"", ""75cb4025-606b-4045-9956-438b452b14e8""]",,"[""https://r.uber.com/rzkeguiwgyn"", ""https://r.uber.com/rzxywrynmew"", ""https://r.uber.com/RAZUDLBBTZV"", ""https://r.uber.com/RUGBNYHQMQE""]",True
114,FROM LAX | POMONA,2025-11-29,15:00:00,00:00:00,15:10:00,2025-11-29T15:10:00,,"[09:30:00-00:00:00, 15:00:00-17:00:00]",3,2,"[""e259392b-1d9c-4d6c-bb41-cae17fb99176"", ""23d20c37-158f-4db6-8eef-f347dc8db5b4""]",,"[""https://r.uber.com/RCZKGSLJQAE"", ""https://r.uber.com/RYSVNVDEVTL""]",False
115,FROM LAX | POMONA,2025-11-30,14:00:00,15:00:00,14:10:00,2025-11-30T14:10:00,,"[13:15:00-15:00:00, 14:00:00-16:00:00]",3,2,"[""c4492e54-a2bc-4645-a464-80b85cac420a"", ""2a5a0498-d485-4023-9f69-6e5e41145a7d""]",,"[""https://r.uber.com/rkfbteuxunj"", ""https://r.uber.com/RQXGSZYYWVR""]",False
116,FROM LAX | POMONA,2025-12-01,13:00:00,13:30:00,13:10:00,2025-12-01T13:10:00,,"[12:15:00-13:30:00, 13:00:00-14:00:00]",5,2,"[""52307255-3e0a-4702-b9fb-fa2eb3c488ad"", ""cc4fd033-7662-4635-b2ee-073c55f0f9a9""]",,"[""https://r.uber.com/rrfkudqbkyw"", ""https://r.uber.com/rrptngyviqa""]",False
117,FROM LAX | POMONA,2025-11-30,16:45:00,17:00:00,16:55:00,2025-11-30T16:55:00,,"[16:00:00-17:00:00, 16:45:00-17:45:00]",5,2,"[""817e3f2e-b16e-46ce-b3f0-c483e7b3c8ad"", ""643bae7d-3436-4ca0-b4a6-be2c533fbb47""]",,"[""https://r.uber.com/rfzmdrquqmf"", ""https://r.uber.com/rxmaaqsqaxe""]",False
118,FROM LAX | POMONA,2025-11-30,00:50:00,01:00:00,01:00:00,2025-11-30T01:00:00,,"[00:50:00-01:30:00, 23:45:00-01:00:00]",4,2,"[""b51a3517-08b0-4281-a2de-5f4dcb9448fc"", ""a900315d-7ab5-46f6-b972-fb90c4730e2a""]",,"[""https://r.uber.com/RJWABGEZWHZ"", ""https://r.uber.com/RNGALQWUBGY""]",False
119,FROM LAX | POMONA,2025-11-29,12:30:00,14:00:00,12:40:00,2025-11-29T12:40:00,7,"[12:00:00-19:00:00, 12:30:00-14:00:00]",4,2,"[""9c64c899-f2a8-4ab1-9ab2-08d1226785b4"", ""1e202926-5f68-4019-be4e-c17c5aa62ed4""]",,"[""https://r.uber.com/rmrddiseeue"", ""https://r.uber.com/rzdqbximwnp""]",False
120,FROM LAX | POMONA,2025-11-30,01:50:00,02:00:00,02:00:00,2025-11-30T02:00:00,,"[01:00:00-02:00:00, 01:50:00-03:30:00]",4,2,"[""b23cf609-c97b-4b97-955a-a498f6e5897e"", ""464515d7-ac14-475a-b814-ac937e0761f1""]",,"[""https://r.uber.com/RFPGKCVZYST"", ""https://r.uber.com/rgknvqrkgpp""]",False
121,FROM LAX | POMONA,2025-11-30,09:15:00,11:00:00,09:25:00,2025-11-30T09:25:00,,"[07:40:00-20:00:00, 09:15:00-11:00:00]",3,2,"[""620afc58-4b6e-4cf3-b303-0d98198a3b15"", ""1983e4fb-d03e-4331-ad71-32001bea02c6""]",,"[""https://r.uber.com/RPTAUFCZZAV"", ""https://r.uber.com/RRABAFSTRKC""]",True
122,FROM LAX | POMONA,2025-11-30,12:15:00,13:00:00,12:25:00,2025-11-30T12:25:00,,"[07:40:00-20:00:00, 12:15:00-13:00:00]",4,2,"[""620afc58-4b6e-4cf3-b303-0d98198a3b15"", ""cfa6f3dd-a76d-4a44-8db9-daf5848c80fc""]",,"[""https://r.uber.com/RPTAUFCZZAV"", ""https://r.uber.com/riemidsgyrj""]",True
123,FROM LAX | POMONA,2025-11-30,20:00:00,20:00:00,20:00:00,2025-11-30T20:00:00,,"[07:40:00-20:00:00, 20:00:00-21:00:00]",4,2,"[""620afc58-4b6e-4cf3-b303-0d98198a3b15"", ""12b2a1a7-fa8c-49d6-a53a-3e821c7c9503""]",,"[""https://r.uber.com/RPTAUFCZZAV"", ""https://r.uber.com/RQYXFQQYRAM""]",True
124,FROM LAX | POMONA,2025-11-30,22:00:00,22:30:00,22:10:00,2025-11-30T22:10:00,,"[20:15:00-23:30:00, 22:00:00-22:30:00]",5,2,"[""3148315b-9ff7-4894-bab4-a3dc3d23b6bd"", ""0b0782a1-b364-4237-aeff-34509e4da0cd""]",,"[""https://r.uber.com/rkczmnvqtuj"", ""https://r.uber.com/rkxnshfumrn""]",False
125,FROM LAX | POMONA,2025-12-01,15:00:00,16:00:00,15:10:00,2025-12-01T15:10:00,,"[11:30:00-18:30:00, 15:00:00-16:00:00]",2,2,"[""35ca6e15-b9a4-46b9-a567-cbf38ecaa898"", ""39f452d4-fe22-4b9a-ba6a-309156300f1d""]",,"[""https://r.uber.com/raardptycxe"", ""https://r.uber.com/rvixzxdgevs""]",False
126,FROM LAX | ALL,2025-11-28,21:00:00,21:30:00,21:10:00,2025-11-28T21:10:00,,"[21:00:00-21:30:00, 21:00:00-21:30:00]",2,2,"[""ca36f2a8-7069-41ec-86fb-02356d66104c"", ""269028f7-109c-4b1e-8095-29c67240914a""]",,"[""https://r.uber.com/RUNMAKPEKCY"", ""https://r.uber.com/RKMGAGZDRFT""]",False
127,FROM ONT | POMONA,2025-11-30,13:15:00,13:35:00,13:25:00,2025-11-30T13:25:00,2,"[11:50:00-14:00:00, 12:45:00-14:00:00, 13:10:00-13:35:00, 13:15:00-14:00:00]",8,4,"[""313925b7-e772-42d4-9532-4e64523b8557"", ""9e53145a-cac7-4752-999a-e3bc2bbebf41"", ""af1b057b-d014-4630-85a2-9cfdd7deb52e"", ""ba9756a8-8d51-495a-9490-1e3747fe5933""]",,"[""https://r.uber.com/REJHPRRLWLJ"", ""https://r.uber.com/ryicagbsxhp"", ""https://r.uber.com/RUMJKBVHVUP"", ""https://r.uber.com/rdmaqmsrpyp""]",True
128,FROM ONT | POMONA,2025-11-30,20:55:00,21:45:00,21:05:00,2025-11-30T21:05:00,2,"[20:45:00-21:45:00, 20:50:00-22:00:00, 20:55:00-23:59:00]",6,3,"[""f8ba190c-2710-4947-9f1b-4a33f7ef47a2"", ""96c1a08e-b4ba-4dd5-b4e8-bd165cfb5898"", ""446c0753-4b36-443d-9707-2daabdc0a35b""]",,"[""https://r.uber.com/rxehtmjqswv"", ""https://r.uber.com/RJJXHQBAPUF"", ""https://r.uber.com/RWZNRUVVZFT""]",True
129,FROM ONT | POMONA,2025-11-30,11:50:00,12:00:00,12:00:00,2025-11-30T12:00:00,2,"[10:30:00-12:00:00, 11:00:00-13:00:00, 11:50:00-14:00:00]",6,3,"[""6da4684f-c96c-4848-83d5-bfa54aecd9d9"", ""424780cf-9f67-4ecd-b9bc-ed0b6a39dbbd"", ""313925b7-e772-42d4-9532-4e64523b8557""]",,"[""https://r.uber.com/RQTLGMSWTJL"", ""https://r.uber.com/RREQVNTQLHL"", ""https://r.uber.com/REJHPRRLWLJ""]",True
130,FROM ONT | POMONA,2025-11-30,17:30:00,17:50:00,17:40:00,2025-11-30T17:40:00,2,"[16:30:00-18:30:00, 17:20:00-17:50:00, 17:30:00-18:30:00, 17:30:00-22:00:00]",8,4,"[""74850914-3934-43b2-898d-7b2429e24a9e"", ""44159776-a5e4-4323-b423-e0697ca1c668"", ""3c3b8124-f9b4-4f1e-8233-6ed697c79c7a"", ""9451781d-60cb-445d-b287-35fe2913ce06""]",,"[""https://r.uber.com/REBEWYRLWTN"", ""https://r.uber.com/RLYXFGTPSXU"", ""https://r.uber.com/rvaqdrhigzx"", ""https://r.uber.com/rdmuegvmnmm""]",True
131,FROM ONT | POMONA,2025-12-01,10:00:00,10:00:00,10:00:00,2025-12-01T10:00:00,,"[09:20:00-10:00:00, 09:45:00-11:00:00, 10:00:00-11:00:00]",5,3,"[""dc117380-db8a-4ff1-aaa2-ab4473f514e6"", ""f49c2a02-14e2-4946-a3b7-c696dd4e8b43"", ""65017d14-a448-4b34-82a8-0e1ae1ae5c74""]",,"[""https://r.uber.com/rkyvuqrbvue"", ""https://r.uber.com/RZVGMHKLBGW"", ""https://r.uber.com/RVJSZYQVQXA""]",True
132,FROM ONT | POMONA,2025-12-01,16:30:00,17:30:00,16:40:00,2025-12-01T16:40:00,4,"[16:00:00-18:00:00, 16:30:00-17:30:00]",3,2,"[""1347bab4-e147-459b-93cc-bf5eda2c6075"", ""bda41712-3147-4196-91f4-a605d967b20c""]",,"[""https://r.uber.com/RXJXKTQSUFY"", ""https://r.uber.com/rsiadhsagrd""]",True
133,FROM ONT | POMONA,2025-11-29,18:10:00,18:40:00,18:20:00,2025-11-29T18:20:00,2,"[17:20:00-18:45:00, 17:50:00-19:00:00, 18:10:00-18:40:00]",4,3,"[""deabbea5-8873-4ecd-9985-38456be80397"", ""e62bd949-f64a-4ef8-a2e9-0e55a43824b3"", ""648c55b0-38a2-42f5-82b4-ec4cd6c93f72""]",,"[""https://r.uber.com/rbfigeiccky"", ""https://r.uber.com/RNZCGYGXEQJ"", ""https://r.uber.com/RXLDUDYEKGF""]",True
134,FROM ONT | POMONA,2025-11-30,15:15:00,15:45:00,15:25:00,2025-11-30T15:25:00,,"[13:15:00-15:45:00, 14:30:00-16:00:00, 15:15:00-16:00:00, 15:15:00-16:00:00]",9,4,"[""4fa01429-cf81-49ec-a170-9fd824cd7d3e"", ""bb66deb2-165f-4937-ae33-a528d9677dc3"", ""f01afefc-dc19-4690-86a0-b92c06fac4ae"", ""c5d09991-d1fe-4145-aecd-20e606437dfc""]",,"[""https://r.uber.com/rbkrqcirihi"", ""https://r.uber.com/RFPGGVBDJPA"", ""https://r.uber.com/rsxssmepwbe"", ""https://r.uber.com/rzfkxkzvdqz""]",True
135,FROM ONT | POMONA,2025-11-30,19:00:00,19:40:00,19:10:00,2025-11-30T19:10:00,,"[17:30:00-22:00:00, 19:00:00-19:45:00, 19:00:00-19:40:00, 19:00:00-20:00:00]",7,4,"[""a83ae98a-dd15-4095-a0a4-7d5c6153520a"", ""3bd78170-4ecd-4ba0-8c15-8702997a4755"", ""3c3b8124-f9b4-4f1e-8233-6ed697c79c7a"", ""0d4c47e1-1317-43db-8640-b37863685ef2""]",,"[""https://r.uber.com/rvhmminuitv"", ""https://r.uber.com/rscxyigmhcc"", ""https://r.uber.com/rvaqdrhigzx"", ""https://r.uber.com/rygbvbwprrq""]",True
136,FROM ONT | POMONA,2025-11-29,23:00:00,00:00:00,23:10:00,2025-11-29T23:10:00,2,"[22:00:00-00:00:00, 23:00:00-23:30:00, 23:00:00-23:30:00]",5,3,"[""60e1b958-d3da-438f-96dc-0b8ceb3a34a0"", ""87e3c95f-35cc-4015-8a95-0916173f21a9"", ""1233845c-6a4a-42af-832f-c8e65904bb95""]",,"[""https://r.uber.com/rqumdyqcanv"", ""https://r.uber.com/rcykfytekig"", ""https://r.uber.com/rjmajfvzuun""]",True
137,FROM ONT | POMONA,2025-11-30,13:30:00,14:00:00,13:40:00,2025-11-30T13:40:00,,"[13:00:00-15:00:00, 13:15:00-15:45:00, 13:15:00-14:00:00, 13:30:00-14:00:00]",10,4,"[""5f4aa400-6a52-4b09-b042-3a0ed59c4ce3"", ""a16c420e-3e71-4fe0-b755-16e7bb8ebd9a"", ""c5d09991-d1fe-4145-aecd-20e606437dfc"", ""af1b057b-d014-4630-85a2-9cfdd7deb52e""]",,"[""https://r.uber.com/RVJGXNVCDWG"", ""https://r.uber.com/RRNXREMVSBP"", ""https://r.uber.com/rzfkxkzvdqz"", ""https://r.uber.com/RUMJKBVHVUP""]",True
138,FROM ONT | POMONA,2025-11-30,20:00:00,20:30:00,20:10:00,2025-11-30T20:10:00,,"[17:30:00-22:00:00, 19:40:00-21:00:00, 20:00:00-20:30:00, 20:00:00-20:30:00]",9,4,"[""8273d8f7-e1b9-49db-8f6e-2eda43261028"", ""5bda29b2-8556-489a-8f47-cc25ae3c20d8"", ""3c3b8124-f9b4-4f1e-8233-6ed697c79c7a"", ""393a27ef-5e86-45cf-951e-23ea2b49a418""]",,"[""https://r.uber.com/rujhhypcwif"", ""https://r.uber.com/RHDCJVQRVPG"", ""https://r.uber.com/rvaqdrhigzx"", ""https://r.uber.com/RGKBHLCQXGW""]",True
139,FROM ONT | POMONA,2025-12-01,01:15:00,01:45:00,01:25:00,2025-12-01T01:25:00,4,"[00:45:00-01:45:00, 01:15:00-02:15:00]",4,2,"[""9a33ff13-0c5f-4b2a-a40d-eff3769e7446"", ""6a7f97fc-eb8b-43ac-a7e4-358c75d68cea""]",,"[""https://r.uber.com/rzsjhvzysrp"", ""https://r.uber.com/rixuqdzmivb""]",True
140,FROM ONT | POMONA,2025-11-29,22:30:00,02:00:00,22:30:00,2025-11-29T22:30:00,4,"[22:15:00-22:30:00, 22:30:00-22:45:00, 22:30:00-02:00:00]",7,3,"[""cc0ac8cf-1c28-4851-a41b-8540d128e7db"", ""017e43ed-b1e6-49f3-8aed-03c5135252ce"", ""af196557-eef3-4fac-8c05-72a1a0fef6b0""]",,"[""https://r.uber.com/REQBETWNYNE"", ""https://r.uber.com/RQKRSYCJLUD"", ""https://r.uber.com/RGQFWRARPBQ""]",True
141,FROM ONT | POMONA,2025-12-01,22:15:00,22:30:00,22:25:00,2025-12-01T22:25:00,4,"[22:00:00-22:45:00, 22:15:00-22:30:00]",4,2,"[""7a5fd77b-b5a6-42d6-9e7c-6532b57800be"", ""9d3e6005-de97-47fb-b624-1738477ebf21""]",,"[""https://r.uber.com/rdcmxzquemu"", ""https://r.uber.com/RSEFQYDQLXD""]",True
142,FROM ONT | POMONA,2025-11-30,09:50:00,10:00:00,10:00:00,2025-11-30T10:00:00,4,"[09:30:00-10:00:00, 09:50:00-10:50:00]",4,2,"[""9d566bbd-200d-4d93-a077-00286d72ae9f"", ""b163950f-8865-43ca-8afe-e0811d91876a""]",,"[""https://r.uber.com/RHELWNDUQQX"", ""https://r.uber.com/RXANMKHQMZP""]",True
143,FROM ONT | POMONA,2025-11-30,23:00:00,00:00:00,23:00:00,2025-11-30T23:00:00,,"[22:10:00-23:00:00, 23:00:00-23:30:00, 23:00:00-00:00:00]",7,3,"[""02a539c1-d5c1-4956-8c67-a3f971477f98"", ""8a31d16e-e731-4b0a-a1d8-d35f28a04838"", ""60eb9161-747a-4bc4-a8e8-ff9e854a0843""]",,"[""https://r.uber.com/RZZKJXLHPNV"", ""https://r.uber.com/rgwxxnukkdu"", ""https://r.uber.com/RYVGDNXELPC""]",True
144,FROM ONT | POMONA,2025-12-01,00:30:00,00:45:00,00:40:00,2025-12-01T00:40:00,,"[00:00:00-01:00:00, 00:30:00-01:00:00, 23:30:00-01:00:00, 23:45:00-00:45:00]",7,4,"[""faa31f4d-6bc5-4709-9dd5-42507a941960"", ""af7b96e3-eda3-4f67-b429-4a3a98365a09"", ""18751488-6c9e-4cf9-a145-f54466d2a411"", ""e970abe5-90a3-4695-9ee5-438b668773eb""]",,"[""https://r.uber.com/RSLCRLLHCRY"", ""https://r.uber.com/rhftuujniqe"", ""https://r.uber.com/rzhvraajqnd"", ""https://r.uber.com/RGBUDUTXVZZ""]",True
145,FROM ONT | POMONA,2025-11-30,12:50:00,13:15:00,13:00:00,2025-11-30T13:00:00,,"[11:50:00-14:00:00, 12:45:00-13:15:00, 12:45:00-14:00:00, 12:50:00-13:30:00]",7,4,"[""e7bee6d1-d0b9-4f30-8991-894fefa8a9d4"", ""2758e5b9-3d8c-4a2f-b927-7ef28494c5d2"", ""313925b7-e772-42d4-9532-4e64523b8557"", ""9e53145a-cac7-4752-999a-e3bc2bbebf41""]",,"[""https://r.uber.com/rbetcebfrqp"", ""https://r.uber.com/RYRVZANVMFY"", ""https://r.uber.com/REJHPRRLWLJ"", ""https://r.uber.com/ryicagbsxhp""]",True
146,FROM ONT | POMONA,2025-11-29,12:45:00,01:30:00,12:55:00,2025-11-29T12:55:00,,"[10:00:00-13:00:00, 11:50:00-01:30:00, 12:45:00-13:05:00]",6,3,"[""2155b388-d529-4799-bfde-25dad782e6d0"", ""976071ec-8616-44dd-94c7-1a5d55534fe7"", ""9e28ab70-93b1-434a-b280-b316e106c43a""]",,"[""https://r.uber.com/REPCELKPXUZ"", ""https://r.uber.com/RSJZZXJEDZX"", ""https://r.uber.com/rnjrwpidaev""]",True
147,FROM ONT | POMONA,2025-11-29,17:45:00,01:30:00,17:55:00,2025-11-29T17:55:00,2,"[11:50:00-01:30:00, 17:20:00-18:45:00, 17:45:00-18:15:00]",5,3,"[""93e26c7c-83f3-4b76-a7c7-4cc927ead78b"", ""9e28ab70-93b1-434a-b280-b316e106c43a"", ""deabbea5-8873-4ecd-9985-38456be80397""]",,"[""https://r.uber.com/RGYUAVLCTQJ"", ""https://r.uber.com/rnjrwpidaev"", ""https://r.uber.com/rbfigeiccky""]",True
148,FROM ONT | POMONA,2025-11-30,21:20:00,21:30:00,21:30:00,2025-11-30T21:30:00,,"[17:30:00-22:00:00, 20:45:00-21:45:00, 21:00:00-21:30:00, 21:20:00-21:35:00]",8,4,"[""8a193fc3-89b4-4747-8ec5-2c499b673e32"", ""2b5c9d65-cfae-464f-873b-d8295657d733"", ""3c3b8124-f9b4-4f1e-8233-6ed697c79c7a"", ""446c0753-4b36-443d-9707-2daabdc0a35b""]",,"[""https://r.uber.com/RBCTRMRZLDB"", ""https://r.uber.com/REGNMMNKJSF"", ""https://r.uber.com/rvaqdrhigzx"", ""https://r.uber.com/RWZNRUVVZFT""]",True
149,FROM ONT | POMONA,2025-11-30,16:30:00,16:40:00,16:40:00,2025-11-30T16:40:00,,"[16:15:00-16:40:00, 16:30:00-17:30:00, 16:30:00-18:30:00]",5,3,"[""43ec2827-2978-4693-b0cc-249ac1de7081"", ""4162fce8-a99a-4024-9792-3c2271593c76"", ""74850914-3934-43b2-898d-7b2429e24a9e""]",,"[""https://r.uber.com/RHTJNJLBVSP"", ""https://r.uber.com/rtskrurmene"", ""https://r.uber.com/REBEWYRLWTN""]",True
150,FROM ONT | POMONA,2025-11-29,23:55:00,00:15:00,00:05:00,2025-11-30T00:05:00,4,"[23:00:00-01:00:00, 23:55:00-00:15:00, 23:55:00-00:15:00]",7,3,"[""a16c35d8-6f7f-4fbe-b447-45ac934df15e"", ""e0ff9626-179e-4666-b1f5-792e22b1bffa"", ""e7f9e30c-c8b1-4ecb-b940-e440fea52c89""]",,"[""https://r.uber.com/rpdfvkfpedr"", ""https://r.uber.com/RNVJLALEJAW"", ""https://r.uber.com/RTGSHSLJKAS""]",True
151,FROM ONT | POMONA,2025-11-30,23:45:00,00:00:00,23:55:00,2025-11-30T23:55:00,4,"[23:15:00-00:15:00, 23:45:00-00:30:00, 23:45:00-00:30:00, 23:45:00-00:00:00]",4,4,"[""d426e566-33d6-4852-9bbb-a7f95562ab22"", ""58cb4710-4315-4523-9f05-ab050d5e9e6e"", ""306a6d1b-a52d-4d24-81ed-db3002433046"", ""d5123871-e2f0-4e8c-bf56-611d92485803""]",,"[""https://r.uber.com/RAAHYNYKXSM"", ""https://r.uber.com/RPFQBPZQFTR"", ""https://r.uber.com/RVAJJETBLFD"", ""https://r.uber.com/RJULHBACTME""]",True
152,FROM ONT | POMONA,2025-11-29,23:55:00,00:15:00,00:05:00,2025-11-30T00:05:00,,"[23:00:00-01:00:00, 23:50:00-00:30:00, 23:55:00-00:15:00]",7,3,"[""8f2a66c6-550a-4457-a7df-5b2ee65916f9"", ""a16c35d8-6f7f-4fbe-b447-45ac934df15e"", ""e0ff9626-179e-4666-b1f5-792e22b1bffa""]",,"[""https://r.uber.com/RJCDQARKEPB"", ""https://r.uber.com/rpdfvkfpedr"", ""https://r.uber.com/RNVJLALEJAW""]",True
153,FROM ONT | POMONA,2025-11-30,20:50:00,21:00:00,21:00:00,2025-11-30T21:00:00,,"[20:30:00-21:00:00, 20:50:00-21:10:00]",4,2,"[""79c0ab36-7e87-4acb-b4cf-ae51acb894e2"", ""bbe4e957-01ed-4ec5-b771-6fc16d4001eb""]",,"[""https://r.uber.com/rekepemtmqw"", ""https://r.uber.com/RKRKTRXPPZP""]",True
154,FROM ONT | POMONA,2025-11-29,13:35:00,01:30:00,13:45:00,2025-11-29T13:45:00,,"[11:50:00-01:30:00, 13:35:00-16:00:00]",4,2,"[""9e28ab70-93b1-434a-b280-b316e106c43a"", ""9536994b-6a3c-4bf9-bbd4-bf167d670ec5""]",,"[""https://r.uber.com/rnjrwpidaev"", ""https://r.uber.com/rhyzfvtcdmp""]",True
155,FROM ONT | POMONA,2025-11-29,16:15:00,01:30:00,16:25:00,2025-11-29T16:25:00,2,"[11:50:00-01:30:00, 16:15:00-17:00:00]",4,2,"[""9e28ab70-93b1-434a-b280-b316e106c43a"", ""f7281a63-4c5a-4f4e-ad73-293a7e4bedee""]",,"[""https://r.uber.com/rnjrwpidaev"", ""https://r.uber.com/RGJLMTSYTKR""]",True
156,FROM ONT | POMONA,2025-11-29,18:00:00,18:00:00,18:00:00,2025-11-29T18:00:00,,"[17:30:00-18:00:00, 18:00:00-18:30:00]",2,2,"[""7690d61c-511e-4fd7-9266-f9ade1b9087a"", ""ac0de285-56e7-493f-81c3-b35d3ce7e38f""]",,"[""https://r.uber.com/RPTFVRXPYUD"", ""https://r.uber.com/rsaufmjchva""]",True
157,FROM ONT | POMONA,2025-11-29,22:15:00,22:30:00,22:25:00,2025-11-29T22:25:00,,"[22:15:00-22:30:00, 22:15:00-22:30:00]",4,2,"[""1ed77f51-b896-4a58-963c-6596daf565d1"", ""eee255ef-3282-4b7d-9f21-fe461b77ebcf""]",,"[""https://r.uber.com/rmiymfnrfxu"", ""https://r.uber.com/RKGBTWJCPFA""]",True
158,FROM ONT | POMONA,2025-11-29,23:10:00,23:30:00,23:20:00,2025-11-29T23:20:00,,"[22:45:00-23:45:00, 23:10:00-23:30:00]",4,2,"[""cb8feef2-fdb0-4c16-976f-59d3fae9e6cc"", ""e7632bde-e222-4940-b97f-56e5aaa75ef1""]",,"[""https://r.uber.com/riknayxaaqg"", ""https://r.uber.com/RTVPKHMUFPP""]",True
159,FROM ONT | POMONA,2025-11-30,00:30:00,00:30:00,00:30:00,2025-11-30T00:30:00,,"[00:30:00-01:30:00, 23:50:00-00:30:00]",4,2,"[""4c0a8819-6fa9-434a-8f65-1e5435a2af6c"", ""2d5f4204-b8cf-41fd-926e-b32fa404117d""]",,"[""https://r.uber.com/RMDBDEHQNAN"", ""https://r.uber.com/rknktpbinti""]",True
160,FROM ONT | POMONA,2025-11-30,18:30:00,18:45:00,18:40:00,2025-11-30T18:40:00,2,"[17:30:00-22:00:00, 18:30:00-18:45:00]",3,2,"[""3c3b8124-f9b4-4f1e-8233-6ed697c79c7a"", ""c591297a-8987-410f-a7a5-a4a4fa600ef5""]",,"[""https://r.uber.com/rvaqdrhigzx"", ""https://r.uber.com/ryvpybdgmnj""]",True
161,FROM ONT | POMONA,2025-11-30,23:00:00,00:00:00,23:10:00,2025-11-30T23:10:00,,"[22:55:00-23:10:00, 23:00:00-00:00:00]",4,2,"[""44264d23-5dff-4b88-8063-497a626c719c"", ""1b8d458a-2950-4284-a0f4-e47dd934ef2d""]",,"[""https://r.uber.com/rhisxkmkcxp"", ""https://r.uber.com/RGZHKDUSVJS""]",True
